open,close,volume,M20,M5,Momentum,Return,ROI-30D
0.3314759485165662,0.6640225069424179,0.43397892666358207,0.37309506562225664,0.29172502103242465,1.722305281015281,2.8601846974611957,0.161693999729213
0.6606511340337283,0.626200661870236,-0.4627683422652799,0.37962475791676836,0.37606996741795073,1.8939311145491047,-0.24507672671911473,0.06260599948707758
0.622710241281635,0.6688637031116572,-0.6353886131359175,0.3926007340275764,0.4863883847796506,2.443781426512185,0.3856713771093707,0.045382937522856874
0.6655075683059963,0.7450368990870315,0.2386662260165988,0.4009177508552567,0.6044468353062171,2.6076355241878733,0.6425580539557211,0.16128315370332869
0.7419205263087124,0.9156890640527163,0.12720896776061968,0.4142313327112189,0.7216945708965428,2.590472940834491,1.3507409457154984,0.20334719854024813
0.9131857161916619,1.2066146963479396,1.5549362519047707,0.4443497370112675,0.8314164244372348,2.431152355742715,2.170534549059695,0.5008046390137778
1.20495118145526,1.0911824251876405,0.6039118791475324,0.47022622441926115,0.9254440605329599,2.098910647807426,-0.7333307287132633,1.0205807002427503
1.089155576775871,1.1023020476388619,-0.1439589487783292,0.49268296422045815,1.0130930526963737,1.9638767372723234,0.12725588263615467,1.1447925962689303
1.1003101992449864,1.1780213814733702,-0.7829201668788474,0.5233057912220899,1.1006502658104012,1.9619338033077895,0.5764463206751952,1.2145895231268837
1.1762678665346773,1.15721936668367,-0.2245189795320155,0.5696888487739774,1.149492016591864,1.1423394926019261,-0.09238957308379964,1.3967072595529004
1.1550968483790092,1.3693242738484663,0.28111254729592017,0.6363004482090445,1.1823948057966638,0.8049166274278804,1.505653379486843,1.6812660782184203
1.3681729020747657,1.2567664629136528,0.5711826759077511,0.6856822391443609,1.2158788623142402,0.8172218758699281,-0.685265924783441,1.3846990998765056
1.2552608052445358,1.3610034679325862,0.7326582232209164,0.7352943963528408,1.2681929204641311,1.2158471609267902,0.7483955328972193,1.699057668757498
1.3598259056693052,1.3593393067494102,0.10624757612046068,0.7929693731220621,1.3048586506937472,0.8845769199737683,0.03880144815437091,1.3837904661310487
1.358156506388213,1.6876329219759492,1.374142514392301,0.8684262430801686,1.4121177664092548,2.379016961027723,2.198238742334183,1.7279490824064692
1.6874834554763836,1.6254538086772823,-0.3200004941582329,0.9387038437243801,1.4639117432792932,1.2048372017944318,-0.3286247266089065,1.6914789798634355
1.625108627791942,1.6750004257218405,-0.30550304865481004,1.015673981787237,1.5484861372882832,1.8987884494604392,0.3552129003540084,1.8303090040303056
1.6748111972971844,1.712292764963012,0.5231481391089223,1.0991062909955733,1.619523121512872,1.612205689691696,0.277200247648688,1.7405168987221855
1.7122209175507486,1.8852142406330277,0.45505992747903495,1.189628320852148,1.7258644467345217,2.3595876213823845,1.0962563441387803,2.1489097259019267
1.8856866792133193,2.01456495077989,0.4935601065808474,1.2777712231634595,1.7919759553087402,1.5079349002617126,0.8047268951764909,3.071365898265445
2.015444532425479,1.7263624913298636,1.5546199058793364,1.333551635927521,1.812381497288844,0.5403537859238542,-1.5890181168420199,3.032796304062184
1.7263349296545272,1.6104763580286983,0.2786372391138068,1.3852331177621822,1.7993335757678333,-0.16784564414873504,-0.6495889046292078,2.316706146546048
1.610084034262113,1.6567702963970488,-0.8372198844225587,1.4371052475470474,1.7881059387263067,-0.12931078718548034,0.33608706037896063,2.171901731973641
1.6565236869906754,1.623940934874395,-0.5846764957560562,1.483253966993475,1.7352717992965636,-1.0101075177741603,-0.15138311547495822,2.4648720409702376
1.6235909920818583,1.7924750765160375,-0.3372931423495154,1.529291475135617,1.690361251130458,-0.8423675521694043,1.0892793452111234,2.7656001186187202
1.7926556101851865,1.5826394800555723,-0.2428627601306639,1.549035453478692,1.6612978854916298,-0.5068876209598924,-1.1989547381284933,2.3376914581083446
1.5826148279095975,1.4417152853166224,1.0453424249628196,1.5674409243380392,1.6271713756283532,-0.6140728113366765,-0.8274618138477932,2.284315336005326
1.4407917708022724,1.6054082307890258,0.9661362077321571,1.5938575809382791,1.6167850465395297,-0.11150055917725335,1.1010331444536807,2.7671392425227657
1.6049999546333327,1.7296908136962155,0.4684999074835777,1.6228241538725074,1.6381695650464148,0.561078414878882,0.8194155084527642,2.8823814402797323
1.7296737282167114,1.7025347289343888,-0.8346883656645776,1.6514570928938774,1.619982016759801,-0.2766499461626308,-0.11406026968533704,2.420265599519722
1.7024321672207083,1.6603255498338338,-0.5400928731178507,1.6667367317363262,1.6356915307129993,0.4409403314052054,-0.20630530059764088,1.6846962976798596
1.660090130909372,1.6298411427056554,0.08898129918929852,1.6863258086198603,1.673733946683402,0.9137209294417761,-0.13687779130941863,1.7106861496572567
1.6295097713511848,1.8069986650237555,0.11105609892634134,1.709743731836672,1.7144991411189163,0.971361303722947,1.141073255112093,1.8888369548016515
1.8072249130019904,1.7808259482338056,0.2324389811845878,1.7318747813896027,1.7248395806830472,0.32727869447997504,-0.10558171674664225,1.7093646997579979
1.7809698152175417,1.6677386314679816,-0.11681238894233388,1.7308301894957725,1.7178031868968044,-0.04058346947176773,-0.6248931931832525,1.2586683390811275
1.6675265458887825,1.6362708563679262,-0.5851027719188887,1.731398161514091,1.7129388972793587,0.005399301022200113,-0.1425888626182185,0.7793181974670312
1.6359597231190408,1.6746978509612631,-0.8780710450592225,1.7313822741849068,1.7220097266603192,0.3004014413039234,0.28608954143405607,0.9950927865787449
1.6745076701551675,1.811461642742273,-0.9224305752093067,1.7365893463248732,1.7229122206459455,0.12748031846041052,0.8841062026207565,1.1561843793604396
1.8117019383467372,2.1326447510952415,0.3085371238295349,1.7495812097648649,1.7940562804281512,1.6144724459836524,1.9533399281362749,1.452366269692787
2.1338959995975144,2.085896950586025,0.02571541816715198,1.7533266476199283,1.8786153779289105,1.898464627133017,-0.20997796127437543,1.4252405718306296
2.0871528197269353,1.930827385790079,1.0239357318971523,1.7640625103158312,1.9381799809802778,1.3693389441249646,-0.8196139151582035,0.9196669612254018
1.930229287304277,1.9224309361840546,-0.16115964583334583,1.7804423467042525,1.9882760454366792,1.1688929234505554,0.0011325482493046541,1.0681830080573347
1.9227928723248666,1.871976594857764,0.0801061014385528,1.7917422095861775,2.000513252021449,0.36743266308034134,-0.24258462202052822,0.8592716042997478
1.8724073667500867,1.891114448464288,-0.606914712162513,1.805770721255408,1.9516715012399861,-0.9255898903169376,0.16170369933299997,0.8849241455555729
1.891605458482646,1.9771213241584296,-0.32952840877194234,1.8154659638897763,1.9296751224038624,-0.35728170569078566,0.5511146666561461,0.5640530228593358
1.9778830486009062,1.8325662322925504,0.0825400716358301,1.8285888977955345,1.9098049582118428,-0.31227040217908475,-0.7784544310510514,0.473671616013195
1.8327970747169011,1.5663004429843896,2.255940654905506,1.8351305055869334,1.837788997460472,-1.4161807163617353,-1.521546745536714,0.11148034178103403
1.565769071527668,1.5868755267036567,0.2008692846762258,1.8341574066744302,1.7801364579379757,-1.1121115509121875,0.17821373136621313,0.09357762715288163
1.5864089171848068,1.325375289874591,1.2085428032674481,1.8129279630526764,1.6657338728786089,-2.313492385648953,-1.5764498776746076,-0.3747362794870578
1.3240855846968331,1.4166015801886938,0.4311096370393815,1.7979144369740554,1.5523867468871786,-2.2911486450568135,0.6514384171664511,-0.3994016765009995
1.4155990180148825,1.5396738640535736,-0.591851889766248,1.7915793644620446,1.4931586670168926,-1.1454652506366854,0.8446558753384951,0.024985725293229132
1.5390586830301942,1.4585081845286711,-0.6248626227425444,1.7825831643117598,1.4713611427877713,-0.35307201543429567,-0.46031165685522374,0.059772822766065214
1.457637527184202,1.276963328182198,0.8664783601006281,1.754752535414168,1.4086913485655195,-1.2183252743067048,-1.1119009386206662,-0.19896249673550334
1.2755212419741537,1.3743167573979942,0.7732876930348576,1.7334079086558318,1.4185881893909515,0.31788784698472805,0.6991581479794928,-0.05216001321695615
1.373181099918042,1.3436054191993825,0.14945138526216736,1.7163886072677654,1.403827058948073,-0.20411374482003364,-0.15061344616393707,-0.2633279107005614
1.3423730950033421,1.4820333721635683,-0.11005178906416407,1.7082900412163613,1.3921711196760802,-0.13837781235330499,0.9589411909966858,0.11837832590416536
1.4814644078325165,1.0860386542578238,1.7243413260576026,1.6773812422894225,1.316851113146822,-1.486126339084954,-2.4706687403480343,-0.19115379537104388
1.0846026696456197,1.1622118502331982,-0.48341162585419095,1.6432910056934427,1.293646310160452,-0.38286366955714807,0.5817234889551215,-0.2771117164904181
1.1604085733643024,1.3579777203268117,-0.35012328415992017,1.602615471150808,1.2903422643825644,0.03842917841927561,1.3918765019882129,-0.1831282205319532
1.3567906342491376,1.3949674848074056,0.1775679628814237,1.56633675495977,1.3007285934713875,0.32825016146224195,0.29184772308002516,-0.11293391256645863
1.393896827360685,1.3310485666354182,1.7029305201796994,1.534844096685329,1.270196763042387,-0.537974564392434,-0.36522816919571677,-0.14090320396972245
1.3297767186096472,1.3488248338193436,0.3326688060801961,1.504725692385281,1.32333683263675,1.2333335666075949,0.166790620262919,-0.08789233706294894
1.347608938203131,1.2957229633380003,0.4489358849892729,1.4744682739548747,1.3503351696643986,0.6799212090428692,-0.2986861430008018,-0.33092445901286677
1.294339924779192,1.07817171048281,0.9724258658447744,1.431782992270499,1.293753385718069,-1.0894439879926259,-1.3952831251739106,-0.5471381381398529
1.076103909669151,0.745339473847609,3.4549073786586884,1.3671056751635504,1.1623869730305652,-2.672611346760293,-2.279499423507354,-0.8168181570908913
0.7422240534507292,0.7614515798483585,1.037137997203322,1.3108645298531605,1.0472042660514194,-2.330007324347491,0.17251728702739533,-0.7693510111832144
0.7583868737631209,0.8418608224718173,1.1021797837341842,1.2728262919550248,0.9446870678875103,-2.061882437241819,0.6600388873695407,-0.7132432465576171
0.8390492117540714,0.8508624215989966,0.3329723737130465,1.2341803637156115,0.8547283029812216,-1.7960243064281036,0.11657791529713259,-0.8275212658410535
0.8480791442290696,0.8423903283028278,-0.12015994920769654,1.208820214506089,0.8070490868253122,-0.9009793934328422,-0.013118220192799413,-1.1025606226340756
0.8395803842526007,0.6186362928557996,-0.11077722434443543,1.1669213556163078,0.7814274355384504,-0.43402759728987284,-1.61275984513312,-1.3001339212262524
0.6151220627312163,0.5886057478684872,0.23331125041285425,1.1169835081595612,0.7464749142307017,-0.6315592170174812,-0.18730719592026648,-1.213643366040977
0.5849969938860542,0.7581989011721508,-0.6065295395628815,1.0802122847638274,0.729556976127257,-0.24977269298657917,1.399351856614608,-1.023658230744282
0.7551239569864409,0.809787897850607,-0.3144353933768936,1.0556822485041542,0.7212509721578446,-0.06746072264781935,0.44161814727803456,-0.9252597336735557
0.8068753347002963,0.5543391562330904,0.2082560634017595,1.0126275864162568,0.6630018688143405,-1.1247406216816576,-1.8645744295867022,-1.2195297885194425
0.5506225450526575,0.6796807508023013,-0.19094240883708025,0.9777668143548663,0.6753461509567271,0.3696994193722975,1.0568594767513855,-1.1522218251972032
0.6762827818475908,0.7183346764660712,0.2565339729647542,0.9376671954951423,0.7015796625728274,0.6637300926717538,0.3496495739824384,-0.9920910455084417
0.7158171920952722,0.6237800637856163,-0.4542411807121382,0.9133953283347048,0.6743977674464073,-0.46705747468694836,-0.6764014136699916,-0.8637571457217149
0.620282024145501,0.5118274023719579,-0.043827781263015994,0.8792455142542858,0.6141448215246469,-1.1671613465739799,-0.8325608101273355,-1.0126431418814636
0.5080528633848088,0.5647023417828682,-0.8439416908885324,0.8375929089668523,0.6162404431522888,0.1527384599993506,0.4797335676807532,-0.7013533610504462
0.5610183496667311,0.5516916270780376,-0.6694173043233826,0.793314922531808,0.5903587512255005,-0.43953257685605207,-0.05455218424105991,-0.807601842424671
0.547966682560011,0.5696948253323962,-0.40697790160006575,0.7533384304732577,0.5603011125516597,-0.5279360722423424,0.19446005550062834,-0.9024392539170925
0.5660265475100075,0.7207552745506908,-0.34170557495882004,0.7203603069201383,0.5799112361037535,0.5235150248978941,1.2582694342499083,-0.6458816708699735
0.7175624731618684,0.6977595927468042,-0.7019340565096049,0.6889629726208,0.6175100533354585,0.9043300819465292,-0.12678102195566848,-0.48602004831668516
0.6944944103685956,0.866747596529313,-0.24822563142570617,0.6778617013536714,0.6785890107016913,1.401397354539773,1.3546170843428664,-0.38267915575647177
0.8640143191849489,0.8668232402194573,-0.5276329254512788,0.6842404640209376,0.7423142639918798,1.4574186171838326,0.05024699947102555,-0.3493205475913373
0.8641660827559572,0.8352798214292576,-0.9969425676467257,0.6881169723417669,0.796020304390788,1.2453149927222202,-0.18318414775931033,-0.5331214951302382
0.8324474964152072,0.8625115498812286,-0.8238939038297025,0.6892012825585558,0.8246859608156115,0.7152178427319008,0.2523920316729774,-0.056163256765909095
0.8602961116952437,0.8571408478809788,-0.5063855688637057,0.6895309446391182,0.8569157036582491,0.7906684450212987,0.009994258552844262,-0.15516456114696606
0.8543773324259172,0.617274706433201,-0.11385861472613666,0.6777107717264265,0.8064678195125357,-0.95959123469628,-1.7256180008381918,-0.6699090729538895
0.6137561905921409,0.5346717967955558,-0.12216912173245985,0.6733020378779425,0.7393008518703801,-1.3135290385688634,-0.6024457481180208,-0.8071681065845835
0.530893280821569,0.5852017818119908,-0.4618543345277305,0.6731233054246256,0.6887305956588191,-0.9621818133156586,0.45798994313245306,-0.6818890972156422
0.5815823135383658,0.5150800810481655,-0.18450746803510518,0.6603578364255015,0.6184737333540096,-1.37894114870817,-0.5088897772030375,-0.7857656461421808
0.5112398983759846,0.6316470075606302,-0.9311436283672783,0.6510041713685828,0.5728748423175108,-0.8569395569034082,0.9968739126844045,-0.5880838342635843
0.6281737298379364,0.5985150712773989,-1.0239243280107715,0.6533237214294072,0.5690813082762323,0.028066863941761725,-0.21084078436898865,-0.39131589458113697
0.5948616260015984,0.5341422909645452,-0.6786673022863999,0.6456819160920346,0.5689742327186155,0.10610804485053814,-0.4611868407180255,-0.06527310364112542
0.5303621083230396,0.4865624098637404,-0.5698482069802911,0.6335122219373008,0.549027585985441,-0.3138895138161963,-0.33483284268985886,-0.15422493902828052
0.4826324652409062,0.30600092148914393,0.25294390730600413,0.6168265544620923,0.5067480372350611,-0.7866701118527671,-1.429567313559643,-0.5080224730913688
0.3021855793119501,0.27952562993861657,-0.3424320590658342,0.6046290574812871,0.43554279141993185,-1.399018133008353,-0.17913101449322474,-0.5553701612352163
0.27494401831594706,0.16469850829947227,0.6166282202078621,0.5836260083004013,0.3478173167153633,-1.7487462466244466,-0.9507964850691059,-0.7046276348723354
0.15975546792059156,0.1733975326660741,-0.49283533575989313,0.5637628749884477,0.27486826896190414,-1.4359338783344961,0.12825082056592566,-0.42063552200809906
0.16848187325357303,0.18754290272307014,-0.874177229118072,0.5436971782294019,0.21440117192491048,-1.1716948591578922,0.17708518139861762,-0.36053007836109047
0.18267176714285596,0.18413893666657377,0.28680495745938944,0.5155209999220642,0.1897584971648305,-0.4133029683348451,0.019168518665387987,-0.5788328270896991
0.17925708679516755,0.2533529131486667,-0.15258676694761683,0.4921864851834667,0.18446590531691723,-0.003667724145624532,0.6709300225315552,-0.5430949469116128
0.24861303874599425,0.34208296168800545,-0.149838591685408,0.46463785637888566,0.22033621711852372,0.8677381589478083,0.8290493702346875,-0.08310524149615653
0.3376982549279095,0.24072041689455792,-0.4417049361983331,0.43176300046546084,0.23395010944408012,0.3965766725483491,-0.8168472381941816,-0.4005987941544845
0.23601666235229923,0.279828204699194,-0.6081923884408871,0.40259783591643583,0.2526118494858541,0.503438040597711,0.3945394761824661,-0.3933015434554585
0.2752475454579638,0.2805846416006377,-1.1448906480109957,0.37204253006383475,0.2721148974803309,0.521248268605938,0.0562787394087228,-0.2695881802280728
0.27600636331300565,0.2802820668400602,-1.238582920691416,0.3417533369750616,0.2775604544105538,0.22365554970483623,0.04705307298161116,-0.11626699714751526
0.2757028361709889,0.21379126320316438,-0.9897685566610833,0.3205675835085627,0.25161757645084154,-0.4408278661657413,-0.5295092660743961,-0.2895427022251312
0.20900274671280875,0.2248352419642415,-0.7515824312380084,0.30429895842442767,0.24840530972233946,0.04037211238380946,0.147895144793074,-0.25536826018826897
0.22008148739642003,0.17226287731390866,-0.4997220766612923,0.28261672592093734,0.22665367501791156,-0.3521005484520287,-0.41619060168614136,-0.3582819342202615
0.16734364647101022,0.09639225609911173,-0.4059407919693052,0.26063263416295657,0.18940667747551848,-0.6801325661308276,-0.6338667027218484,-0.6591298295731187
0.0912342156103109,-0.22282411631010363,1.722933175944426,0.2157668165481148,0.08766960123138823,-2.0453674985432815,-2.897224176671371,-1.0917124241107325
-0.22898691921735723,-0.326229040737449,1.7861065543543957,0.16721116673035238,-0.02153217102945094,-2.203392794325368,-1.015453178304606,-1.4088038078544587
-0.3327173200015805,-0.23613740577551168,-0.44139150671576144,0.1267659984608819,-0.11474909218893511,-1.8649984621690554,1.0138599240954878,-1.2847204035111914
-0.24234211346609408,-0.20466963067545632,1.9615812032452413,0.09047139494065987,-0.19097159270381991,-1.5052318564028704,0.3754012030150417,-1.2097347786179349
-0.2107752906963524,-0.1827329605335908,0.3131087770347832,0.06480938647664629,-0.2474157080760706,-1.0865295870458251,0.2741729747496537,-1.2067982846824108
-0.1889972182566508,-0.1932474334636574,1.1824025397994051,0.0399854346270745,-0.2414347733577646,0.23498933116461704,-0.05706524421032306,-1.21592343476159
-0.1993171410852202,-0.1670747166737075,-0.18344018227239134,0.022564978177119336,-0.2092509200398198,0.7896969780390318,0.3164237479788272,-0.9206354150683649
-0.17306204330077157,-0.12554633078445174,-0.4820655271713183,0.006868296943598211,-0.18688742500615288,0.5818030438339097,0.4689801746745933,-0.7605713789124278
-0.13140294305897304,-0.09075023331804438,-0.8971099365619898,-0.007744074073134079,-0.16385088361032393,0.5960512262404913,0.3958956209191756,-0.7698514045229553
-0.09649732172704714,-0.11200611024861062,-1.1879904689521394,-0.023293797511705853,-0.14954864841437424,0.411148677282353,-0.15925145433382856,-0.7158994516637722
-0.11782010345372362,-0.06828405734516833,-0.28177939826760995,-0.04018202843400642,-0.1242788168168245,0.6433292860441484,0.48265118652027605,-0.7921217847020912
-0.07396043143230367,-0.05073472123167592,-0.574670496178686,-0.06080775354677875,-0.10075278715760466,0.6064135407180051,0.22086295241826298,-0.726553862482991
-0.05635585719533234,-0.18689336349153082,-0.36797711580056475,-0.08326052151567957,-0.11315825533291482,-0.1542451063969981,-1.2704310971112454,-0.8524695228504954
-0.1929430711028685,-0.15557687577176418,-0.7897551258918676,-0.10612238821106086,-0.1262673628868496,-0.1691409334584243,0.3681195335026459,-0.7467457022830805
-0.16152801190413518,0.1671947500742363,0.20621022507711353,-0.11207616482266251,-0.06980795100636814,1.3036030116582358,3.2952861237134656,0.011329801912160884
0.16225956684222972,0.15267116156651842,-0.7047150273329067,-0.11877664590589881,-0.02512685046372707,1.0542598195430581,-0.08137225987283538,0.028949316972565958
0.14769026402542584,0.22839049540102663,-0.9203693112139865,-0.11801008227278392,0.031317264908523636,1.3032791893308135,0.7361477592529817,0.3426441458304174
0.2236479313151168,0.33898157039208654,0.213638034890279,-0.11201658733822355,0.13765859013017276,2.3595876213823845,1.0286244496313939,0.5136469793681185
0.3345871017222378,0.3548667453224029,0.5199968082476157,-0.10242858417584458,0.24087942767270645,2.2935278665882337,0.18561583742133086,0.5153155263262706
0.3505222766781171,0.38013173783062043,-0.2651750608616007,-0.08753024123380591,0.2839390983428652,1.0199346528362934,0.26484775394522364,0.5636509335004984
0.37586679303651543,0.3126575662218479,0.4717571561330649,-0.05941364041090657,0.31629121325135034,0.7932590236406772,-0.5206071718152175,0.332506216797138
0.3081802403667809,0.227634058499583,-0.3320964910814614,-0.030331884340096333,0.31613824816904074,0.10513657786827121,-0.683663334208248,0.05263185431337925
0.22288911346007492,0.21598493021735093,-0.9852044053820795,-0.006592242707313948,0.29126612578549577,-0.4181603032461797,-0.05345214764009268,0.19455459209459425
0.21120331849243018,0.20327679027309783,-1.1015783478496275,0.014827848864644682,0.26061192329064775,-0.5405651430118125,-0.06323874395622069,0.11077560929899505
0.1984551785277268,0.239283186781815,-0.616090987622821,0.03698670124364622,0.23212982496459594,-0.4945823725178446,0.3709266813957776,0.16811770054048084
0.2345749084277197,0.39231037194386303,-0.4493386138750971,0.0677326550464521,0.2482370481317991,0.4493597119181854,1.39967874780489,0.4174347523056458
0.3880837605026895,0.3411752374062731,-0.5458408549288205,0.09441939624281553,0.2711971069864732,0.5944321146033797,-0.38094764469442904,0.4467168173977136
0.3367876735018593,0.08701243852121061,0.12381503776782452,0.10558024499438301,0.24511656045268257,-0.4437422671125421,-2.1237115249333725,0.007284233120790026
0.08182487420779175,0.046316133223542874,-0.22708131335685539,0.11277720511461133,0.2133763058734359,-0.5635565282587963,-0.32715706020241864,0.0234544638913696
0.04100047360653927,0.05403178961826798,-1.0584050172780721,0.12149537700418095,0.17591515721580966,-0.68466607871474,0.12209601278876815,0.16227158797576985
0.04874041572796632,-0.0754702079088829,-0.5499146994638323,0.12111805293606745,0.08132155031553889,-1.8941424716370632,-1.1625301820434464,0.5186042121564971
-0.08116920105520141,-0.17842127019536205,0.40075009947259976,0.114413600020535,-0.02375016472294047,-2.1159607659213444,-0.9569702883881949,0.5305528439095865
-0.18444431112639958,-0.08606032452909383,-0.011913847584294555,0.11970805247101178,-0.05874857555538254,-0.6325306839997481,0.9859887977786979,0.5252407296212215
-0.09179265102578756,-0.16041807194100347,-0.488679706767273,0.11945385520407181,-0.10055393255060226,-0.7766316197026756,-0.6800449684434751,0.3198009177248061
-0.16638444617640313,-0.07917674872595672,2.105745442493008,0.10651759741622308,-0.12749108354532657,-0.4618763174481914,0.8680053272697027,0.4315351412406623
-0.08488740854490656,-0.011400002356606728,-0.18149063751916789,0.0979026931663479,-0.11453494107370142,0.38265231246918985,0.7132586866558217,0.5812172395878935
-0.016897328733155227,-0.019191302441476203,-0.9350884199809593,0.08490288606176404,-0.0823357912475259,0.7900208003664542,-0.024850570843626036,0.5139859362046072
-0.024713152640086465,-0.12705920458733902,-0.38670146498470487,0.06043242728652991,-0.09062649870870754,-0.06713690032039704,-0.9849961156013121,0.23246025868303366
-0.13292057876905677,0.287316930023486,0.681399612334066,0.05688558104626298,-8.646648964231261e-05,2.02507915715514,4.174749912086045,0.9289874541694483
0.2823045515098532,0.3829305543659619,0.49950111763786376,0.0570325388412129,0.0933599022933063,2.0866053993653786,0.8807801544199868,1.1501636380249354
0.37867441910017036,0.3429906859697378,0.32877198999315926,0.05862524359188108,0.16502404335536444,1.6254824051160108,-0.2876046202849947,0.984096659353879
0.3386088363539597,0.2323996109786779,-0.19589448102032966,0.05887546902652488,0.21590022973154466,1.185407862149093,-0.8954825036893835,0.7476966892931399
0.2276696659468387,-0.01775407232873329,0.23227504299957666,0.046602507232096586,0.2380036841252851,0.5762980642677304,-2.161871160219641,0.5563091217717028
-0.023271398715506916,0.0007786317566358487,-0.8719651759500362,0.03596991217588811,0.18006051094640022,-1.1182641751332114,0.22737068020730297,0.5287534970930434
-0.0046803612669811595,-0.07350347196512944,-0.6472498757518615,0.019546385632211404,0.08776138028077433,-1.8455691225237167,-0.6580619589151584,-0.17018506685083337
-0.07919627463209256,-0.10618154610749461,-0.08910602227878214,-0.0066279891979771,-0.0030692855946799513,-1.8144821790911752,-0.2696224837885882,-0.20278802875752394
-0.11197720596990124,-0.04899491635835555,-0.25544902345105563,-0.02711470018039183,-0.05997229621385952,-1.0962442568684942,0.614837783915685,-0.22307107141034307
-0.05461057612873605,0.19382132900505233,0.6018175155399754,-0.021506472978536684,-0.017187962691858,1.014105850942692,2.4025042669763756,0.003406033188017665
0.18896995533970345,0.0031992298412554915,0.47850556387617693,-0.02377041738721763,-0.016698474428467093,0.11873711562000817,-1.6560512848179851,-0.32377146296012804
-0.002252144130847183,-0.04967570956965483,-0.35776527434000205,-0.029215799464939355,-0.011880074335713985,0.21037883428052156,-0.45368836783321376,-0.44285145634131096
-0.05529351219827373,-0.044305007569404996,-1.2847544372552697,-0.027579404559015697,0.0006324693972130245,0.37326146497394286,0.10174110536657599,-0.33946423535300757
-0.04990590542747647,-0.12161285889694483,-0.9578715717554106,-0.024596558504771496,-0.014052178504510736,-0.2024946331829221,-0.6982042012167836,-0.34194841066936427
-0.12745709021275534,0.022034508687202085,-0.2783763583717185,-0.018920810153885054,-0.04879054869702579,-0.6270257044335689,1.4769546049079527,-0.08645037823334986
0.01664242045969532,-0.007466530469099808,-0.4305201850234114,-0.010889765251511701,-0.050947356357591796,0.06271585297594877,-0.22940315690378976,-0.11570179565874888
-0.012951475886937517,0.13171785939652964,0.9349573894492781,0.00018370318954540158,-0.014266329619743874,0.8849007423011906,1.3794987398852945,0.05813467203449836
0.12667100944076612,0.11719427088881178,-0.6666089671120997,0.00693581809262893,0.018391715453360533,0.7997354701891234,-0.0828666926732246,-0.1972220206018284
0.11210170662396227,0.18081061430022177,-0.4424747865881861,0.017437342683071552,0.0795471553607475,1.4030164661768847,0.6330311292345369,-0.02071067275762908
0.17591828823298333,0.21492591855532986,-1.1204549053765342,0.03539399649297804,0.11855325134970124,0.9341217360693815,0.35621856884145453,0.45637369608224976
0.21014097349537156,0.14298876922803985,-0.8708825319756497,0.027815740472340648,0.1489780062210848,0.7524574103854663,-0.5897724707235,0.4046200532044587
0.13797739548088994,0.1224136855087729,-0.5796507874023785,0.014136750045152833,0.14709653570867656,0.06854465486955032,-0.13742022501587317,0.3547559984020958
0.11733754982375115,0.22566732255582952,-0.19160519883556903,0.007976438154162865,0.16903172851187667,0.572736018666085,0.9949000067812316,0.7849215822648469
0.22091618703696608,0.26553154726190925,-0.49731581668586883,0.009716100699780973,0.18616381773055438,0.4710558078554801,0.4028605864237413,1.075377164857927
0.2609058879976725,0.34979861808273055,-0.3272619109790738,0.02901523382571184,0.21343749190635997,0.6857500109364707,0.7870710253536348,1.0337336105493629
0.34543819704933654,0.3737776678584939,-0.31967440889965565,0.048600338876950235,0.26010713851902556,1.0963567221079582,0.2542073906856203,1.2396914654509423
0.36949272305416375,0.3894359117183772,-1.2042891321377507,0.07290795252805095,0.3141038125743223,1.2514676169432442,0.18228372046295158,1.0916987529930149
0.3852002526535304,0.5636433301208471,-0.6321465134475778,0.10807852750852427,0.3824486113502621,1.5552129600653697,1.5180336659916631,1.2622120701238189
0.5599560046696725,0.5866390119247337,0.02599081315010535,0.14145383429123667,0.44738228879069686,1.483000581050195,0.23398302790112105,1.3200405040328214
0.5830240674629453,0.609785981108909,-0.3648763499029272,0.1632949400865637,0.49995638758051364,1.2213521404929695,0.233999307242344,1.6045208320966808
0.6062438938272264,0.5813439536146282,-0.39728883032069645,0.19365165432436818,0.5419300061662743,0.9969432675893095,-0.17532434746947856,0.7123459235988163
0.5777123424776522,0.4639449465105756,-0.24139119548446233,0.22062039561374297,0.5569970667737721,0.4273397936534684,-0.8865064368138786,0.3629827991480897
0.4599438113751544,0.5219636568513026,0.09213820061490233,0.25035353218108575,0.5485686907385121,-0.07005130126719783,0.5281306628892593,0.5207981687182596
0.5181451408568656,0.48747013414547274,-0.7578469047413477,0.28233472582792657,0.5285149684477203,-0.31615627010815245,-0.23004373628272146,0.6562128933470193
0.48354304666695647,0.5315704054996369,-0.6040754706528295,0.3090889881733207,0.5126983789369056,-0.22645748541217295,0.4108868536380222,1.2183865998547736
0.5277821276158974,0.545110626035478,-0.4621163947718475,0.3381032230951002,0.5053713514942745,-0.046736093692791594,0.15919528873532,1.2033939104501774
0.5413649672211468,0.4623564290175439,-0.5354658923103206,0.35546410206061696,0.5050501248214245,0.10157453226662581,-0.6170162933417361,1.2126868314304673
0.45835029387956644,0.28542583776987696,0.13993829408253422,0.36429745708676836,0.45721794358320544,-0.9042176167070652,-1.4100149762219096,0.9576914412578419
0.2808627975852736,0.30569834672856644,-0.6228259136002601,0.3708549522073515,0.42046043430420327,-0.6697702516533137,0.22600306539571877,0.876825493935562
0.3011991161003957,0.2173465166399495,-0.3980278059132765,0.3709820508408212,0.3569187391127859,-1.2367831469697763,-0.7139853316798767,0.27456566227285856
0.21256919063150553,0.25494143064169833,-1.2968838806162999,0.3768603626387998,0.2982413335388149,-1.1338076468494822,0.3836228068218471,0.6826438235071998
0.25028243802708633,0.20970650393536874,-1.0271406726978451,0.3814438571083045,0.24715099604740098,-0.973191772448017,-0.34743753668643224,0.7045395799843844
0.20490513029558266,0.010612311475403147,0.019906928057372823,0.3701519378909717,0.1915787816443147,-1.0680717143827534,-1.7229884177687267,0.3344436881705635
0.0051842708485631194,0.05161119153364834,-0.39621048324063657,0.3589195961580774,0.1401978104965128,-0.9793443966690408,0.43903604121485285,0.5565521719691228
0.046312198591832346,0.13292815843883946,-0.5791527513356042,0.3475323529656419,0.12312690731075862,-0.25301091626080224,0.8114734485094584,0.43110374193273016
0.12788511800883312,0.04215573026560286,-0.9131083984989132,0.3301198401802779,0.08009782965706191,-0.8025374058964603,-0.7784595179555887,0.32377078862798747
0.036826975403809,0.08844966863395352,-1.0950544927285342,0.3143159194747668,0.05557752696282954,-0.41071238971546664,0.48473152696107225,0.16155391746650405
0.08326662813237129,0.07475816071782368,-1.3378542825752524,0.28864596734616144,0.06854896594268542,0.38297613479661213,-0.0770346953020047,0.16263246275427715
0.06953202495611349,0.022412727137923905,-1.163546178735599,0.2590200702508087,0.0626445137655342,-0.016620617242516882,-0.4369720841331956,-0.03040095828352114
0.017021829387216254,0.10743623486018886,-0.348345327711626,0.23264313197352746,0.05748959049169982,-0.0007533231988237537,0.8539437858607664,0.05690957983311667
0.10231295629392217,0.15978166844008862,-0.9905171632455665,0.21050811058830118,0.08127566079084612,0.6119185202841845,0.5311975511666359,0.2637769350719817
0.15482315186281942,0.14972105765088822,-0.6499643117554126,0.194009119231002,0.09366583245792555,0.3706708863545644,-0.04131274603273362,0.28193329067595924
0.14473087439076257,0.08232252973226006,-0.3220577023183994,0.1709248299270483,0.09519548328102177,0.14075703388472516,-0.5619116324934172,-0.0017886601504911424
0.07712020350653216,0.023623026180233726,-0.5360456825138771,0.14656955428839596,0.09544022741271695,0.11355595838125124,-0.4946982689655261,-0.15987551072925574
0.018235937955283242,0.004712103644142768,-1.2200051249480248,0.11890574234723315,0.07466756923507031,-0.33137591949700096,-0.12912176354297242,-0.314144797867312
-0.000734508420763448,0.004787747334287132,-0.9461560986819798,0.090534944257395,0.043325023869829,-0.5551371477458164,0.05040831436212559,-0.3480007292083994
-0.0006586266352592613,0.07967500057720732,0.1576718998402471,0.07044144467227725,0.02916045724795762,-0.1914846740505636,0.7622463118894038,-0.2521003419683312
0.07446434101388563,-0.0968017285295935,0.23765792232161495,0.050371776080935335,-0.007061674242960877,-0.6584364701935328,-1.5883959334139173,-0.7527682773734066
-0.10256786456738208,-0.011248714976318,-0.5198370327337222,0.0337297987609824,-0.014113364537434251,-0.04090729179919004,0.8924187744176614,-0.6534137259342497
-0.016745565162146855,0.02687570485644137,-0.17575452316114684,0.023728725039827377,-0.009631487625762424,0.2032547430772308,0.41440502184221445,-0.6255643129973435
0.021498854731963273,-0.060265826189865764,-0.6495486685867569,0.007178099862680405,-0.02278648470438996,-0.1701124004406912,-0.773377903952121,-0.7198190763886364
-0.06591696216885988,-0.13311069979888812,-1.0490615123375064,-0.010822244102480982,-0.06581556235808665,-0.8025374058964603,-0.6588813050103979,-0.6837969842602197
-0.13899112160939173,-0.06994821852834433,-0.9651547655311141,-0.015052245497648017,-0.06038530193609506,0.2233317273774139,0.67979970707889,-0.6607817688000913
-0.07562983071339578,-0.06563652819011559,-0.06144906727802386,-0.021208585556341822,-0.07138349135415714,-0.1244534522741457,0.09176837670284038,-0.6103677381840295
-0.07130456893965713,-0.12600019292531794,-0.6967270375251063,-0.03480416750531542,-0.10229773448893162,-0.5460701225779917,-0.5385574598106166,-0.7574540689792937
-0.13185823377199818,0.022488370828068267,0.26765791361249724,-0.03583684390225761,-0.08556335448425925,0.4626364273425001,1.5273246045800837,-0.5506936964157717
0.01709771117272044,-0.21563796574638908,1.310863976890064,-0.051803609731902185,-0.10225184496423885,-0.24491535807524453,-2.202741812759299,-0.8088702850611079
-0.2217781495944595,-0.25618298366376807,0.4491426532288558,-0.06918037602660244,-0.139911848228868,-0.6888757689712299,-0.3668671298804106,-0.6440305307858258
-0.26245078662470356,-0.29710622003186893,-0.9292081749297142,-0.08595739564461682,-0.1867191634156125,-0.8825215207697705,-0.3770122948260331,-0.7373427017515237
-0.30350283258246863,-0.4049741221777317,0.2068078591747749,-0.11286258761725648,-0.24313268577140118,-1.0858819423909805,-1.0921934374555855,-0.7965813027687364
-0.41171025871143896,-0.7040692730085463,3.650566348618711,-0.15822091243679406,-0.3900556473297936,-3.001938653748781,-3.249165259042888,-1.3363552737934523
-0.7117468385949934,-0.6341745033151541,2.16309127161824,-0.1993810105195322,-0.4746912273717076,-1.6833341364851402,0.9219168598383479,-1.16729582365103
-0.6416320687891248,-0.7881094127589345,3.5782173989840196,-0.2450848847488157,-0.5822562732518343,-2.168743805291181,-1.8140440064765537,-1.1806278631748681
-0.7960515022901449,-0.790076148702688,3.419790246469828,-0.2878098847561512,-0.6819436173930153,-2.001975306668692,0.02420411923137827,-1.236612091150605
-0.7980244287132537,-0.7682907659411112,0.8346481046449932,-0.32839803898827485,-0.7554127464263269,-1.4469438374668546,0.33223108567592324,-1.2995426568262676
-0.776170474488048,-0.7067168021635991,-0.05898314572220531,-0.36575709356380665,-0.7559481242144106,0.09704101968271349,0.8403961843566469,-1.0784020923010131
-0.7144027010876399,-0.6125404079338661,-0.28362434042698864,-0.40210333090387534,-0.7515733228603556,0.20098798678527463,1.2263002151664155,-0.975851937615436
-0.6199298781349274,-0.7224506897136267,0.6956481133213837,-0.4349543558235249,-0.7382959537158802,0.38945258134505834,-1.2688633062144177,-1.148266276918865
-0.7301861124725108,-0.6778965562185965,0.315315942363407,-0.4699581138475692,-0.7156112320093634,0.5886033127097782,0.6102147820138873,-1.0012917128970897
-0.6854917408105448,-0.8102730139712332,1.1579569029721954,-0.5139143818666428,-0.7241007940775473,-0.07134659057688707,-1.5834745629096925,-1.34053240964531
-0.8182848654428716,-0.6882597417683742,0.8430881197506073,-0.5468885335874659,-0.7203684460691927,0.18738744903353766,1.6468558985723516,-1.196625346203749
-0.6958875454246184,-0.7733588931807835,0.7178118589754718,-0.5805061221402301,-0.7528888225682182,-0.5800714669573341,-1.0049504662554025,-1.3283367677490825
-0.7812545541168284,-0.754523614334837,-0.6168602165506055,-0.6164512044184101,-0.7593745420581464,-0.028925865684564615,0.29211911735481316,-1.2134678866081838
-0.7623599895262859,-0.6899239029515503,-0.42488012933934827,-0.6492307363567325,-0.7618066868668694,0.056887051082347206,0.8741188252309343,-1.0241581525421748
-0.6975569447057105,-0.7798642505331989,0.7055736151136527,-0.6835632547227644,-0.7556574905580224,0.23855137676626242,-1.0657578432440074,-1.1583020713616545
-0.7877803876701885,-0.7380332898833657,0.2430045480859261,-0.7234960566260595,-0.7657225929739957,-0.10470029030138486,0.5896908883373014,-1.0841024286162544
-0.7458177602863733,-0.7469592453204006,0.43613275797555984,-0.7513942066726824,-0.7603841116013896,0.22138879341288006,-0.06338768516070037,-1.1970276323340094
-0.7547718109758673,-0.7729806747300618,1.239245261578328,-0.7785297649184862,-0.7641164596097447,0.02936215325145096,-0.2812753197187292,-1.008058634442463
-0.7808751451893076,-0.8157950033517717,1.4336230634134728,-0.8057646189716886,-0.7895698493060658,-0.4304655516882275,-0.501284098303263,-1.2014568683397457
-0.8238242357846772,-0.7865208952659029,-0.770406791738687,-0.8257985410723668,-0.7909159420303904,0.07987843632933113,0.4338678149037732,-1.1988420852156245
-0.794457984794557,-0.7527838094615167,-0.9715097617096605,-0.8283564010709468,-0.793898761135428,0.04522944729514409,0.4865277391165463,-1.0221656145049076
-0.7606147084596897,-0.5808457017633777,0.45618855000091285,-0.825556259302315,-0.7603076290602349,0.8194886321618843,2.242271596087154,-0.5985072762076419
-0.5881354100086732,-0.5757019308335609,0.26418806531365535,-0.8144033542153396,-0.7204143355938855,0.9529034310598755,0.1105810532709399,-0.6861053148568467
-0.5829754485943884,-0.7269893111222886,1.3006664106358499,-0.8110908460805326,-0.7024562349307358,0.4885422135362848,-1.73743546003299,-0.9677908598676034
-0.734739019602762,-0.677593981458019,0.3172793072261563,-0.8063286191577107,-0.6804292630781502,0.574678952630619,0.6723729475126025,-0.7893548036679672
-0.685188213668528,-0.7351588296578798,-0.03682279830194188,-0.8078220281009809,-0.6768651766603357,0.18382540343189224,-0.6604107521633661,-1.102501667986025
-0.7429342524372141,-0.7222237586431937,-1.1268881015045698,-0.8135811849300816,-0.7054543505440044,-0.49684912880980076,0.2133433776617796,-0.7362675274404253
-0.7299584671159982,-0.7180633556852536,-1.029846871996132,-0.8133508186569177,-0.7342423790346753,-0.5010588190662908,0.1020244390116682,-0.6637183125614957
-0.7257849689132679,-0.608380004975926,0.5253191237054986,-0.8097007047769567,-0.7102574541285266,0.6161282105406745,1.4269148469836448,-0.37982547446235876
-0.6157563799321971,-0.6264588469204291,0.917277366061157,-0.8000491522978431,-0.699917014564396,0.32727869447997504,-0.1668159134715949,-0.2207337924816609
-0.6338921266676978,-0.6965805476842543,0.2849867130822529,-0.8004860538503956,-0.6921157953666053,0.27352418812787177,-0.7965105659929304,0.2527148215105704
-0.7042345418300789,-0.7044474914592681,-0.5210162353403021,-0.796867714628802,-0.6885211159323291,0.18447304808673687,-0.04816231598210564,0.07644980658160688
-0.7121262475225143,-0.7816040554065192,0.309453588438505,-0.7982896305907453,-0.7013701828463375,-0.16363595389224506,-0.9133209663830381,0.2510052349591055
-0.7895256687367849,-0.8321340404229542,-0.5382223486262264,-0.8057566753070966,-0.7466172541935236,-0.849491643372695,-0.6031271851874345,0.1334491167754192
-0.8402147014535816,-0.9719235798097386,0.5080858787554885,-0.8158411575064667,-0.8164764072843284,-1.3705217681951898,-1.7988001198487695,-0.25286232839574585
-0.9804442410653187,-1.2831973647537958,7.658517014528471,-0.8444661528632448,-0.9351008286154406,-2.40286734801751,-4.352995062982861,-1.1091866205194363
-1.2926977884150472,-1.308159782501436,5.00084424355024,-0.8739331766667605,-1.0571822608067505,-2.476051194014952,-0.3681678423183252,-1.3224937528161804
-1.3176628958459247,-1.2741201219364722,4.979396597913254,-0.9002465656273066,-1.1567778258985457,-2.0000323727041582,0.6280026277333608,-1.0602910939241177
-1.2835919741545447,-1.439174653831474,1.618611205933115,-0.932978435578078,-1.2795323044520177,-2.4902993764215333,-2.6985230205431794,-1.5179369201864337
-1.4491660301246803,-1.434182170281946,0.2668862302200798,-0.9669852636958436,-1.3730092662514277,-1.8705034417352346,0.14172200423607792,-1.2892591910710742
-1.444157832281404,-1.5465130501463262,2.812473121238671,-1.0086616999770526,-1.4262564114034075,-1.0188507206145625,-2.0143747296192887,-1.7502082153514396
-1.5568422837551212,-1.4257857206759217,0.9506024861025362,-1.0530270667226072,-1.4500424817025537,-0.3951689179991958,2.4419199934505604,-1.3322683891719307
-1.4356590723049352,-1.424651065323756,1.0892574313953842,-1.0976029405798464,-1.4804825330821687,-0.5360316304279001,0.07042499968920012,-1.3611670659301645
-1.4345967273078764,-1.4134557991823904,0.5044829601519948,-1.1336473186654246,-1.4752817202836415,0.2184743924660793,0.2541389692843636,-1.4397610260330436
-1.4233662230532569,-1.4689782677483534,0.6746201576590402,-1.1752006281454597,-1.482318114069884,-0.04058346947176773,-0.957026876486594,-1.4253104831265584
-1.4790634536133298,-1.3841816910965214,0.03432981864041204,-1.209278949244552,-1.449491807406239,0.8032975157907688,1.6437037704027693,-1.292717842376761
-1.3939999720631366,-1.3745749424481872,0.17105180251400037,-1.2435320309646651,-1.4391360713338779,0.3276025168073973,0.22067883831493293,-1.2548260195565526
-1.3843629853041048,-1.355588376221952,-0.6605264359853313,-1.2770066335547758,-1.425170359319009,0.4040245860790622,0.3856072517750195,-1.1642791264949353
-1.365316657142554,-1.3888715998854722,-0.8139557606652991,-1.3179879991841967,-1.4201989941439463,0.21361705755474467,-0.5322884025616463,-1.1686228573880422
-1.398704642764396,-1.4126237185908024,-0.5585387989503138,-1.359267252235813,-1.4088030955118795,0.3496224350721143,-0.3743213093509767,-1.278049860276365
-1.4225315234127107,-1.447495459747354,-0.4393850631212406,-1.3986956314375245,-1.421606272901195,-0.16266448690997812,-0.5822588229490013,-1.4184406700221932
-1.4575130265301408,-1.4594471627901635,-0.29603108774426784,-1.438338489583217,-1.4387689551363347,-0.2549538502253361,-0.17183057030311022,-1.7062650457213309
-1.4695023486398024,-1.4673897502553217,0.5919062513566936,-1.4743471211781318,-1.4613771943016969,-0.370234598787678,-0.09868094642586603,-1.7309669721388272
-1.4769387636192126,-1.5234417246522953,0.6574057917309833,-1.5106456965306496,-1.4885896824445786,-0.46770511934179293,-1.0028756904628342,-1.638917223661148
-1.5336983391763443,-1.525484104286193,-0.9508287313558729,-1.5397115652722762,-1.5114120727251745,-0.37476811137159033,0.009859674097818676,-1.7171458816315677
-1.5357471473849573,-1.520264689666232,-0.4458936170015021,-1.5521592876877255,-1.52612731364336,-0.2031422778377667,0.15161638608182998,-1.6189415636886635
-1.5305113041851686,-1.4506724947334173,-0.5510221401564552,-1.5596422197332604,-1.5243529186885685,0.1459381911234821,1.4038657264796712,-1.475274261268434
-1.4607000615213166,-1.4546059666209243,-0.13028213405730663,-1.569119011591353,-1.5217678087975357,0.16310077447686447,-0.02336797781771586,-1.4910985430869503
-1.4646459143675343,-1.4255587896054884,-0.15085019094978097,-1.5684040817780853,-1.5019741271466707,0.5274008928269618,0.5905743848156731,-1.591502010165313
-1.4355073087339267,-1.3443931100805862,0.056763395322460136,-1.5636895168428147,-1.465354286441747,0.8836054529915014,1.532819956699002,-1.3819750743490389
-1.3540861528879342,-1.3475701450666495,0.25584973983561965,-1.553243597904515,-1.4304323581504603,0.8476611746476251,-0.005483466703277739,-1.276214398675634
-1.3571214243081018,-1.3471162829257832,-0.8173147990023695,-1.549112892316746,-1.4094914383822728,0.551687567383635,0.05758559946681848,-1.2620545320967889
-1.3568178971660851,-1.4028656825621795,-0.5453879628561288,-1.547969004615518,-1.3990286267522947,0.3298692730993535,-0.9200638117295561,-1.2629893672772299
-1.4126668912971665,-1.4708693600019624,-0.3610224682536495,-1.55098362532813,-1.4081912351826409,-0.08559477298346865,-1.175050454754623,-1.3413756002715729
-1.4809604982509346,-1.5190543906239222,-0.1250640389256925,-1.5536129783080364,-1.443510872687933,-0.6393309528756166,-0.8572342387846825,-1.209295153568869
-1.5292971956171015,-1.449991701522118,1.4860875777595977,-1.5570684724054968,-1.464222344832656,-0.33008063018731176,1.3924485738668222,-0.2859159301807233
-1.460017125451779,-1.4232894789011576,-0.21801162383098366,-1.5596263324040767,-1.4796259286212348,-0.2177142825717706,0.5454091730244366,-0.12985104753321988
-1.433230855168801,-1.4041516252946336,-0.6145506037449372,-1.5621762487380646,-1.4798859692611612,0.10286982157631505,0.3988824857350718,-0.16887970030624871
-1.414032763436242,-1.3766929657722295,-0.8379294716614609,-1.5615367837384198,-1.4608418165136132,0.5115335987832688,0.5446197345541697,0.45027724919898027
-1.386487675298222,-1.4066478670693976,-0.8572728950646813,-1.5612230089870411,-1.4381112052824032,0.5895747796920451,-0.48098709380780136,0.32971291320528373
-1.41653686235788,-1.2822896404720634,0.4216720527293696,-1.5525485272527269,-1.40419884653436,0.8262889010377528,2.2947523667780914,1.2125972075951015
-1.291787206988997,-1.209822985313763,1.4829442030549973,-1.539441480676153,-1.3610321003065844,1.0222014091282496,1.2620895357610717,0.9720206966495077
-1.219092456475986,-1.222758056328449,1.0374491644935024,-1.5265965750311106,-1.3243510735687372,0.8849007423011906,-0.15785987195629161,0.9235196407997858
-1.232068241797202,-1.2282800457089877,0.12548639794569225,-1.5110984854123857,-1.294339324419589,0.743714207545064,-0.039566356825550944,0.8620183340715603
-1.2376076121390076,-1.263908223766983,0.13903492257515845,-1.4973638893330548,-1.2654748133877631,0.7194275329883909,-0.5280047344326654,0.9548639097530245
-1.2733479331114796,-1.281381916190331,-0.5259637226840599,-1.484820842942503,-1.265291255288992,0.112260669071562,-0.23952238788525487,0.5768232064954315
-1.2908766255629467,-1.271170018020842,-0.7559016039530398,-1.4753956849042578,-1.2776967234643022,-0.1542451063969981,0.22044704500348838,0.576777425644808
-1.2806325845198816,-1.367464435574617,0.027272313382231832,-1.4708201340993445,-1.306958943710133,-0.5110973112163824,-1.550876133573142,0.1965065089546932
-1.3772300974667113,-1.3715491948424128,-0.08419093003022035,-1.4679842458400494,-1.3359305302995754,-0.5049446869953584,-0.02226206768020866,0.29299360711181577
-1.3813277138839373,-1.2423497720758394,0.36847997798720455,-1.4626262440728381,-1.3315710254537512,0.20066416445785232,2.3312405980630833,0.8112754547607925
-1.2517216242427864,-1.1754807499882216,0.9607864885023272,-1.453590325599594,-1.310155913930404,0.5617260595337266,1.1427178894418648,1.1763897597858097
-1.1846421258570852,-1.1804732335377497,0.6798815237539503,-1.4448403790516566,-1.2918154005614804,0.49663777172184254,-0.028892987488435398,1.2080559818090368
-1.1896503237003615,-1.1906094880170945,-0.2309715577710247,-1.433695417629273,-1.2560521643174907,0.8654714026558521,-0.11029850565292483,1.2054758830504324
-1.1998184829579226,-1.2163283426661782,-0.6660244613954711,-1.4203302019534636,-1.224663729427556,0.7728582170130718,-0.3585487664274986,1.353242982332493
-1.2256182900293462,-1.219202802891664,-0.3825622640338673,-1.4045858587323912,-1.2199829979088814,0.2074644333337208,0.003396509098410042,1.3517800056360016
-1.2285017978785053,-1.240609967202519,-0.16911903962906966,-1.3935918269372527,-1.2331532914957402,-0.17043622276811352,-0.2956282101321522,1.2510700013410734
-1.24997634317619,-1.253091176076339,-0.20941565952572885,-1.3846552042714069,-1.247837939397464,-0.2024946331829221,-0.1541230048947615,0.920284732534453
-1.2624968377843808,-1.2683712014855004,-0.2547096433389634,-1.3775257653002098,-1.2635627498588928,-0.22451455144763907,-0.2016300000336864,0.8826116534477843
-1.2778249584562267,-1.2157231931450232,0.0680022163751808,-1.3690737061744678,-1.2634403777930454,0.11096537976187276,0.9233499650956785,0.9510136059481361
-1.2250112357453127,-1.2429549215969942,-1.2925860720843516,-1.360478661086072,-1.2682434813775674,0.006694590331889348,-0.3887170879911098,0.5640984922752331
-1.25232867852682,-1.2263133097652341,-1.279346278666589,-1.3575395051870827,-1.2653524413219157,0.16957722102531067,0.32180420846757657,0.6291090595840454
-1.2356346857158989,-1.17805263545313,-0.4019531468341316,-1.3558713356227914,-1.250178305156801,0.4296065499454246,0.8313336933311634,0.7842316482117283
-1.187373870135236,-1.2279018272582658,-0.5390304456946102,-1.3561414202189148,-1.241994673253236,0.2816197463134295,-0.7360562521410897,0.8234775651358136
-1.2372282032114867,-1.1671599440723417,0.37956741277587064,-1.352932179723802,-1.2321743149689586,0.3162687353476165,1.034375459192085,1.3023267539100905
-1.1762951294516246,-1.1683702431146514,0.40380945155019654,-1.3479157555340404,-1.2170919578532298,0.42766361598089075,0.030725931905053717,1.5080171749316609
-1.1775092380196917,-1.1326664213665119,-0.39496579593449677,-1.3401071332402392,-1.1981548806632984,0.5092668424913126,0.6094593065331056,1.3349475146155207
-1.1416930352617156,-1.1303214669720365,-0.5957622711827495,-1.3327115815052148,-1.1885027839695612,0.31270668974597116,0.08574242804598235,1.2331188792347743
-1.1393406999110858,-1.1405333651415257,-0.7514222838675032,-1.3207960846174205,-1.1708353169627999,0.48238958931526094,-0.10712122807354076,1.122246436140601
-1.149584740954151,-1.1564941837619864,0.27859479354071043,-1.3095041654000872,-1.1686785093022343,0.15403374930903982,-0.19676024734154618,0.9634642989104402
-1.1655957976955345,-1.1748756004670668,-0.6133372422234026,-1.3059612909921163,-1.169994009010097,0.08052608098417574,-0.23662120382688365,1.0163342203486778
-1.1840350715730519,-1.2142859630322804,-0.20881533265818703,-1.307998840959929,-1.1864989413913052,-0.24102949014617683,-0.5704212776570331,0.44764905988783377
-1.223569481820733,-1.2251030107229244,-0.9142128172008883,-1.3103422220145287,-1.2056654662047008,-0.2973745751176586,-0.12431413624220261,0.18950379038471857
-1.2344205771478318,-1.4038490505340562,0.890919867466624,-1.3215388172567595,-1.2589126113566804,-1.0188507206145625,-2.8433417944101227,-0.3111220021305107
-1.413729236294225,-1.3803995065893033,-0.591357926448714,-1.330153721506635,-1.3041902757203288,-0.8501392880275397,0.4722758919270498,-0.2251555915919668
-1.3902058827879271,-1.352033122785167,-0.7204069377837193,-1.3371282590182907,-1.3400146979972425,-0.6500170896805528,0.5533870439006044,-0.036999861631801675
-1.3617502132238573,-1.3611103656024905,-0.301982537710847,-1.3434553878657096,-1.3697052204735403,-0.520164336384207,-0.10868573032226522,-0.013592865215292418
-1.3708560274843595,-1.351654904334445,-0.2021319794235157,-1.3486306853473082,-1.39529627874394,-0.4333799526350282,0.215586996177793,-0.014452322276842311
-1.3613708042963362,-1.3637578947575433,-0.6605552721120549,-1.353639165872478,-1.38718912938153,0.28000063467631797,-0.1614280936459981,0.24745739273873024
-1.373511889977006,-1.3486291567286706,-0.9505655161976372,-1.3606176752164296,-1.3807645959245258,0.244380178659864,0.3155609888173692,0.3108238638380149
-1.3583355328761688,-1.4487814024798082,0.20821964755350278,-1.371425030893659,-1.4003288299519265,-0.3057939556306386,-1.6940605904128079,-0.3946045980322616
-1.458803016883712,-1.4639857841988253,-0.7475553046540587,-1.383904527967476,-1.421132081146035,-0.3320235641518456,-0.232354146809888,-0.6124027829468577
-1.4740552557700535,-1.5003703991582644,-0.8589759130562363,-1.40082850538044,-1.451205016328107,-0.5282598945697647,-0.6320203719709737,-0.7072459902516367
-1.5105543945975675,-1.4446966432120125,-0.40895629177934256,-1.4122117767405795,-1.4675722801352367,-0.23811508919937605,1.118460159970593,-0.5175909773159172
-1.4549330458229985,-1.481156901861596,-0.056003678705248326,-1.4286988526009912,-1.4943717625558826,-0.4589619165013906,-0.6248526983253233,-0.5608632608026247
